YYYYMMDD,HH,T,Q,thermometer2
20250501,1,94,0,248
20250501,2,88,0,235
20250501,3,86,0,234
20250501,4,82,0,227
20250501,5,95,9,224
20250501,6,138,52,221
20250501,7,187,113,219
20250501,8,214,175,217
20250501,9,228,228,217
20250501,10,242,270,222
20250501,11,251,297,227
20250501,12,262,307,232
20250501,13,265,300,237
20250501,14,274,272,248
20250501,15,264,214,244
20250501,16,268,161,249
20250501,17,262,119,258
20250501,18,247,53,282
20250501,19,195,8,306
20250501,20,163,0,319
20250501,21,151,0,330
20250501,22,146,0,298
20250501,23,135,0,278
20250501,24,127,0,259
20250502,1,128,0,251
20250502,2,118,0,246
20250502,3,111,0,250
20250502,4,112,0,237
20250502,5,122,9,235
20250502,6,164,49,232
20250502,7,198,100,229
20250502,8,215,178,227
20250502,9,235,173,228
20250502,10,247,201,232
20250502,11,247,216,239
20250502,12,251,237,244
20250502,13,237,270,257
20250502,14,233,259,258
20250502,15,231,219,261
20250502,16,221,171,264
20250502,17,215,114,270
20250502,18,192,47,290
20250502,19,174,15,314
20250502,20,160,0,331
20250502,21,148,0,328
20250502,22,135,0,295
20250502,23,121,0,276
20250502,24,110,0,256
20250531,1,106,0,225
20250531,2,100,0,229
20250531,3,102,0,218
20250531,4,106,4,215
20250531,5,129,29,213
20250531,6,148,64,218
20250531,7,177,123,209
20250531,8,193,146,209
20250531,9,207,190,210
20250531,10,213,178,212
20250531,11,228,258,217
20250531,12,236,257,221
20250531,13,241,330,227
20250531,14,251,292,239
20250531,15,254,239,234
20250531,16,246,179,237
20250531,17,242,62,244
20250531,18,241,32,255
20250531,19,227,15,266
20250531,20,217,1,269
20250531,21,207,0,254
20250531,22,202,0,247
20250531,23,194,0,242
20250531,24,194,0,238
20250612,1,125,0,226
20250612,2,123,0,219
20250612,3,116,0,216
20250612,4,118,4,212
20250612,5,129,34,210
20250612,6,147,82,207
20250612,7,167,140,205
20250612,8,188,198,203
20250612,9,205,250,204
20250612,10,221,291,206
20250612,11,237,320,209
20250612,12,245,332,213
20250612,13,251,326,216
20250612,14,260,300,220
20250612,15,262,264,223
20250612,16,269,211,227
20250612,17,266,134,234
20250612,18,264,95,246
20250612,19,254,45,258
20250612,20,227,9,264
20250612,21,222,0,266
20250612,22,208,0,265
20250612,23,198,0,255
20250612,24,204,0,245
20250613,1,196,0,240
20250613,2,181,0,236
20250613,3,165,0,233
20250613,4,158,3,231
20250613,5,192,28,227
20250613,6,210,79,225
20250613,7,228,134,224
20250613,8,246,185,223
20250613,9,265,205,224
20250613,10,292,284,227
20250613,11,303,302,240
20250613,12,309,317,237
20250613,13,311,306,250
20250613,14,302,250,255
20250613,15,312,211,259
20250613,16,312,206,266
20250613,17,308,149,264
20250613,18,297,77,269
20250613,19,286,28,284
20250613,20,270,8,292
20250613,21,259,0,292
20250613,22,245,0,282
20250613,23,238,0,273
20250613,24,227,0,266
20250614,1,220,0,268
20250614,2,234,0,256
20250614,3,208,0,253
20250614,4,192,2,254
20250614,5,197,12,248
20250614,6,230,79,247
20250614,7,240,92,245
20250614,8,260,183,243
20250614,9,265,216,244
20250614,10,263,104,247
20250614,11,266,151,257
20250614,12,262,124,253
20250614,13,247,66,256
20250614,14,246,56,261
20250614,15,240,104,272
20250614,16,249,96,279
20250614,17,237,83,270
20250614,18,227,27,273
20250614,19,216,11,273
20250614,20,206,2,288
20250614,21,196,0,269
20250614,22,188,0,258
20250614,23,177,0,251
20250614,24,173,0,246
20250617,1,101,0,246
20250617,2,97,0,242
20250617,3,93,0,239
20250617,4,95,4,236
20250617,5,124,32,234
20250617,6,162,87,232
20250617,7,183,139,230
20250617,8,204,197,228
20250617,9,219,252,229
20250617,10,233,274,231
20250617,11,244,317,234
20250617,12,250,308,242
20250617,13,252,287,249
20250617,14,252,264,252
20250617,15,240,184,259
20250617,16,231,150,265
20250617,17,226,104,265
20250617,18,223,83,272
20250617,19,218,46,275
20250617,20,188,15,275
20250617,21,157,0,276
20250617,22,139,0,273
20250617,23,124,0,267
20250617,24,120,0,257
20250618,1,113,0,250
20250618,2,109,0,246
20250618,3,107,0,243
20250618,4,117,6,242
20250618,5,149,36,238
20250618,6,179,81,236
20250618,7,203,132,234
20250618,8,218,188,233
20250618,9,227,240,235
20250618,10,244,273,238
20250618,11,246,284,240
20250618,12,254,311,242
20250618,13,254,296,245
20250618,14,246,254,248
20250618,15,242,231,256
20250618,16,236,199,254
20250618,17,232,161,259
20250618,18,219,101,271
20250618,19,204,49,283
20250618,20,190,10,292
20250618,21,177,0,294
20250618,22,159,0,296
20250618,23,134,0,271
20250618,24,126,0,256
20250620,1,121,0,254
20250620,2,111,0,254
20250620,3,109,0,248
20250620,4,112,4,245
20250620,5,139,34,242
20250620,6,161,86,240
20250620,7,179,145,237
20250620,8,200,202,236
20250620,9,212,254,236
20250620,10,220,293,238
20250620,11,228,309,241
20250620,12,232,312,247
20250620,13,248,325,252
20250620,14,254,301,254
20250620,15,258,247,259
20250620,16,253,214,267
20250620,17,253,153,267
20250620,18,242,99,278
20250620,19,227,31,297
20250620,20,204,10,296
20250620,21,166,0,294
20250620,22,144,0,289
20250620,23,140,0,276
20250620,24,133,0,263
20250621,1,130,0,257
20250621,2,130,0,255
20250621,3,123,0,254
20250621,4,117,4,249
20250621,5,161,34,246
20250621,6,185,80,243
20250621,7,212,143,241
20250621,8,225,201,240
20250621,9,247,254,247
20250621,10,262,293,243
20250621,11,271,319,246
20250621,12,281,332,249
20250621,13,285,327,254
20250621,14,293,306,268
20250621,15,297,270,262
20250621,16,297,220,266
20250621,17,295,160,272
20250621,18,288,105,285
20250621,19,280,50,301
20250621,20,212,11,310
20250621,21,181,0,312
20250621,22,164,0,309
20250621,23,162,0,297
20250621,24,157,0,284
20250622,1,153,0,276
20250622,2,194,0,268
20250622,3,185,0,264
20250622,4,187,4,262
20250622,5,199,32,260
20250622,6,218,81,258
20250622,7,252,140,257
20250622,8,268,193,256
20250622,9,276,189,257
20250622,10,260,170,261
20250622,11,248,67,266
20250622,12,245,62,272
20250622,13,225,94,275
20250622,14,248,201,275
20250622,15,246,222,273
20250622,16,255,200,275
20250622,17,243,137,274
20250622,18,216,62,283
20250622,19,215,37,289
20250622,20,209,10,302
20250622,21,202,0,296
20250622,22,197,0,279
20250622,23,195,0,271
20250622,24,192,0,263
20250625,1,175,0,247
20250625,2,172,0,243
20250625,3,171,0,249
20250625,4,169,3,239
20250625,5,176,29,237
20250625,6,189,73,236
20250625,7,200,120,235
20250625,8,204,94,234
20250625,9,209,118,235
20250625,10,215,137,239
20250625,11,219,175,243
20250625,12,225,201,245
20250625,13,238,211,248
20250625,14,237,287,253
20250625,15,250,249,257
20250625,16,249,216,262
20250625,17,244,154,266
20250625,18,237,62,274
20250625,19,231,35,285
20250625,20,209,10,294
20250625,21,196,0,287
20250625,22,183,0,279
20250625,23,183,0,275
20250625,24,189,0,267
20250629,1,198,0,256
20250629,2,191,0,252
20250629,3,185,0,252
20250629,4,184,4,248
20250629,5,196,31,247
20250629,6,209,80,245
20250629,7,223,138,243
20250629,8,232,195,242
20250629,9,243,250,243
20250629,10,250,267,246
20250629,11,251,285,249
20250629,12,261,301,252
20250629,13,269,318,254
20250629,14,268,273,256
20250629,15,264,259,259
20250629,16,257,191,263
20250629,17,247,167,268
20250629,18,228,105,279
20250629,19,214,52,286
20250629,20,198,12,297
20250629,21,188,0,299
20250629,22,181,0,296
20250629,23,162,0,284
20250629,24,156,0,271
20250630,1,145,0,263
20250630,2,137,0,254
20250630,3,141,0,252
20250630,4,141,4,250
20250630,5,158,33,248
20250630,6,185,80,246
20250630,7,207,140,243
20250630,8,228,196,242
20250630,9,245,246,243
20250630,10,252,287,245
20250630,11,268,311,250
20250630,12,278,327,253
20250630,13,286,320,254
20250630,14,294,301,257
20250630,15,293,268,259
20250630,16,295,211,262
20250630,17,295,165,267
20250630,18,289,106,276
20250630,19,277,52,286
20250630,20,252,11,307
20250630,21,234,0,324
20250630,22,225,0,327
20250630,23,209,0,312
20250630,24,185,0,289
20250701,1,175,0,277
20250701,2,169,0,272
20250701,3,159,0,268
20250701,4,161,3,265
20250701,5,205,32,262
20250701,6,225,83,260
20250701,7,249,140,258
20250701,8,277,196,257
20250701,9,300,246,257
20250701,10,317,282,259
20250701,11,325,308,264
20250701,12,336,316,264
20250701,13,343,307,267
20250701,14,353,295,270
20250701,15,347,249,274
20250701,16,353,173,279
20250701,17,348,131,286
20250701,18,340,97,308
20250701,19,313,39,320
20250701,20,268,9,334
20250701,21,278,0,340
20250701,22,259,0,336
20250701,23,248,0,325
20250701,24,223,0,313
20250702,1,199,0,301
20250702,2,189,0,289
20250702,3,184,0,283
20250702,4,196,3,281
20250702,5,216,27,278
20250702,6,232,73,276
20250702,7,259,131,274
20250702,8,280,165,272
20250702,9,294,220,267
20250702,10,314,253,273
20250702,11,324,285,278
20250702,12,324,293,282
20250702,13,336,301,285
20250702,14,261,285,288
20250702,15,261,203,291
20250702,16,240,129,292
20250702,17,228,48,296
20250702,18,193,19,305
20250702,19,187,15,306
20250702,20,181,4,294
20250702,21,174,0,282
20250702,22,168,0,258
20250702,23,162,0,251
20250702,24,160,0,243
20250712,1,161,0,256
20250712,2,167,0,248
20250712,3,168,0,247
20250712,4,167,1,245
20250712,5,170,8,243
20250712,6,182,52,242
20250712,7,189,119,247
20250712,8,196,184,240
20250712,9,207,244,244
20250712,10,219,269,244
20250712,11,230,298,246
20250712,12,245,307,247
20250712,13,258,314,248
20250712,14,256,300,240
20250712,15,256,264,243
20250712,16,256,233,252
20250712,17,252,162,262
20250712,18,241,101,274
20250712,19,222,42,287
20250712,20,202,4,301
20250712,21,191,0,306
20250712,22,183,0,298
20250712,23,178,0,271
20250712,24,179,0,258
20250718,1,121,0,243
20250718,2,117,0,239
20250718,3,115,0,238
20250718,4,117,2,237
20250718,5,135,21,235
20250718,6,143,24,233
20250718,7,185,130,232
20250718,8,208,198,232
20250718,9,230,243,233
20250718,10,234,274,239
20250718,11,240,261,249
20250718,12,245,167,254
20250718,13,249,129,263
20250718,14,246,77,268
20250718,15,257,188,277
20250718,16,258,98,272
20250718,17,256,142,266
20250718,18,251,101,267
20250718,19,238,42,269
20250718,20,205,6,277
20250718,21,184,0,288
20250718,22,178,0,289
20250718,23,173,0,278
20250718,24,175,0,267
20250719,1,177,0,261
20250719,2,169,0,256
20250719,3,167,0,252
20250719,4,167,1,249
20250719,5,185,20,247
20250719,6,201,68,246
20250719,7,226,135,245
20250719,8,236,148,244
20250719,9,245,155,244
20250719,10,259,167,248
20250719,11,271,281,252
20250719,12,275,267,257
20250719,13,282,230,259
20250719,14,287,246,263
20250719,15,283,125,266
20250719,16,277,59,272
20250719,17,264,22,277
20250719,18,224,6,279
20250719,19,215,4,275
20250719,20,209,0,271
20250719,21,209,0,267
20250719,22,212,0,263
20250719,23,210,0,266
20250719,24,197,0,259
20250720,1,192,0,257
20250720,2,177,0,255
20250720,3,177,0,254
20250720,4,173,1,249
20250720,5,179,8,249
20250720,6,192,17,248
20250720,7,201,53,247
20250720,8,212,95,247
20250720,9,230,217,247
20250720,10,246,266,249
20250720,11,247,252,252
20250720,12,255,184,256
20250720,13,254,129,259
20250720,14,252,143,264
20250720,15,219,84,267
20250720,16,194,24,269
20250720,17,201,54,279
20250720,18,204,49,266
20250720,19,199,43,253
20250720,20,191,7,259
20250720,21,171,0,266
20250720,22,169,0,266
20250720,23,176,0,266
20250720,24,170,0,255
20250726,1,129,0,249
20250726,2,135,0,238
20250726,3,124,0,236
20250726,4,129,0,234
20250726,5,150,9,233
20250726,6,164,38,231
20250726,7,187,77,230
20250726,8,212,138,229
20250726,9,215,159,231
20250726,10,223,124,237
20250726,11,236,201,242
20250726,12,259,258,247
20250726,13,230,79,255
20250726,14,241,109,265
20250726,15,230,128,265
20250726,16,228,65,265
20250726,17,214,62,267
20250726,18,213,43,264
20250726,19,201,28,252
20250726,20,196,1,258
20250726,21,193,0,257
20250726,22,188,0,248
20250726,23,189,0,246
20250726,24,171,0,245
20250811,1,114,0,243
20250811,2,109,0,238
20250811,3,107,0,236
20250811,4,102,0,234
20250811,5,108,4,232
20250811,6,147,41,233
20250811,7,188,96,228
20250811,8,211,153,227
20250811,9,233,205,227
20250811,10,248,250,239
20250811,11,265,281,235
20250811,12,264,293,240
20250811,13,273,288,245
20250811,14,276,266,259
20250811,15,266,228,255
20250811,16,265,178,263
20250811,17,262,122,272
20250811,18,249,65,289
20250811,19,231,14,292
20250811,20,210,0,293
20250811,21,202,0,289
20250811,22,195,0,284
20250811,23,184,0,270
20250811,24,173,0,261
20250812,1,171,0,252
20250812,2,178,0,248
20250812,3,167,0,248
20250812,4,157,0,247
20250812,5,164,4,245
20250812,6,178,25,244
20250812,7,205,75,243
20250812,8,214,71,241
20250812,9,227,92,241
20250812,10,244,167,243
20250812,11,267,199,246
20250812,12,288,272,249
20250812,13,302,278,253
20250812,14,302,263,258
20250812,15,303,226,262
20250812,16,306,174,277
20250812,17,307,114,273
20250812,18,287,52,286
20250812,19,262,16,304
20250812,20,227,0,315
20250812,21,219,0,316
20250812,22,196,0,304
20250812,23,180,0,295
20250812,24,169,0,277
20250813,1,161,0,269
20250813,2,157,0,265
20250813,3,153,0,263
20250813,4,148,0,260
20250813,5,151,4,257
20250813,6,195,36,254
20250813,7,231,86,252
20250813,8,264,142,252
20250813,9,277,189,255
20250813,10,286,235,254
20250813,11,295,258,253
20250813,12,295,244,261
20250813,13,311,269,268
20250813,14,310,231,274
20250813,15,302,169,278
20250813,16,303,139,278
20250813,17,283,69,284
20250813,18,252,43,279
20250813,19,235,9,282
20250813,20,221,0,286
20250813,21,201,0,283
20250813,22,194,0,277
20250813,23,196,0,272
20250813,24,203,0,268
20250814,1,209,0,266
20250814,2,214,0,265
20250814,3,215,0,264
20250814,4,201,0,263
20250814,5,212,1,262
20250814,6,218,13,261
20250814,7,221,20,264
20250814,8,249,103,260
20250814,9,264,179,259
20250814,10,275,229,260
20250814,11,288,262,270
20250814,12,292,276,264
20250814,13,305,271,268
20250814,14,281,250,269
20250814,15,270,214,273
20250814,16,263,164,276
20250814,17,251,107,279
20250814,18,225,54,286
20250814,19,209,12,293
20250814,20,200,0,294
20250814,21,192,0,289
20250814,22,188,0,283
20250814,23,184,0,276
20250814,24,176,0,259
20250815,1,154,0,241
20250815,2,141,0,248
20250815,3,137,0,247
20250815,4,134,0,255
20250815,5,138,4,258
20250815,6,177,38,250
20250815,7,214,94,250
20250815,8,237,154,249
20250815,9,251,208,249
20250815,10,263,241,254
20250815,11,265,225,252
20250815,12,267,220,247
20250815,13,266,211,258
20250815,14,273,215,264
20250815,15,267,225,270
20250815,16,254,146,269
20250815,17,250,104,274
20250815,18,229,60,278
20250815,19,212,14,279
20250815,20,192,0,284
20250815,21,189,0,287
20250815,22,191,0,279
20250815,23,190,0,254
20250815,24,188,0,258
20250819,1,155,0,246
20250819,2,147,0,233
20250819,3,140,0,234
20250819,4,137,0,236
20250819,5,138,2,235
20250819,6,159,35,234
20250819,7,181,91,233
20250819,8,200,151,232
20250819,9,224,206,235
20250819,10,240,248,231
20250819,11,254,279,233
20250819,12,247,240,236
20250819,13,260,251,239
20250819,14,256,219,241
20250819,15,248,193,243
20250819,16,241,182,247
20250819,17,223,114,252
20250819,18,205,54,259
20250819,19,186,12,268
20250819,20,175,0,273
20250819,21,168,0,274
20250819,22,163,0,268
20250819,23,160,0,259
20250819,24,160,0,252
20250826,1,98,0,227
20250826,2,97,0,227
20250826,3,97,0,226
20250826,4,97,0,225
20250826,5,111,1,224
20250826,6,142,33,222
20250826,7,152,57,227
20250826,8,175,113,219
20250826,9,200,150,218
20250826,10,225,216,220
20250826,11,244,219,222
20250826,12,250,162,223
20250826,13,256,139,226
20250826,14,266,136,233
20250826,15,274,125,235
20250826,16,268,107,239
20250826,17,256,83,241
20250826,18,233,22,244
20250826,19,219,2,257
20250826,20,204,0,254
20250826,21,197,0,251
20250826,22,190,0,249
20250826,23,177,0,246
20250826,24,177,0,239
20250907,1,143,0,224
20250907,2,142,0,224
20250907,3,122,0,223
20250907,4,135,0,222
20250907,5,134,0,221
20250907,6,148,15,221
20250907,7,173,67,219
20250907,8,188,126,218
20250907,9,200,178,218
20250907,10,214,218,218
20250907,11,230,253,219
20250907,12,244,262,222
20250907,13,257,256,225
20250907,14,261,229,227
20250907,15,263,189,230
20250907,16,260,133,232
20250907,17,253,79,237
20250907,18,237,21,244
20250907,19,227,0,255
20250907,20,223,0,263
20250907,21,216,0,263
20250907,22,214,0,254
20250907,23,209,0,247
20250907,24,195,0,242
20250919,1,164,0,213
20250919,2,161,0,212
20250919,3,156,0,211
20250919,4,151,0,212
20250919,5,140,0,209
20250919,6,144,6,208
20250919,7,156,39,206
20250919,8,170,64,205
20250919,9,196,134,204
20250919,10,212,196,205
20250919,11,223,224,206
20250919,12,231,223,209
20250919,13,239,212,211
20250919,14,251,202,217
20250919,15,251,152,222
20250919,16,249,111,225
20250919,17,234,50,230
20250919,18,192,7,239
20250919,19,177,0,245
20250919,20,196,0,249
20250919,21,179,0,244
20250919,22,154,0,236
20250919,23,172,0,231
20250919,24,169,0,228
